Bend_Man1_000.npy,Bend
Bend_Man1_001.npy,Bend
Bend_Man1_002.npy,Bend
Bend_Man1_003.npy,Bend
Bend_Man1_004.npy,Bend
Bend_Man1_005.npy,Bend
Bend_Man1_006.npy,Bend
Bend_Man1_007.npy,Bend
Bend_Man2_000.npy,Bend
Bend_Man2_001.npy,Bend
Bend_Man2_002.npy,Bend
Bend_Man2_003.npy,Bend
Bend_Man2_004.npy,Bend
Bend_Man2_005.npy,Bend
Bend_Man2_006.npy,Bend
Bend_Man2_007.npy,Bend
Bend_Man3_000.npy,Bend
Bend_Man3_001.npy,Bend
Bend_Man3_002.npy,Bend
Bend_Man3_003.npy,Bend
Bend_Man3_004.npy,Bend
Bend_Man3_005.npy,Bend
Bend_Man3_006.npy,Bend
Bend_Man3_007.npy,Bend
Bend_Man4_000.npy,Bend
Bend_Man4_001.npy,Bend
Bend_Man4_002.npy,Bend
Bend_Man4_003.npy,Bend
Bend_Man4_004.npy,Bend
Bend_Man4_005.npy,Bend
Bend_Man4_006.npy,Bend
Bend_Man4_007.npy,Bend
Bend_Man5_000.npy,Bend
Bend_Man5_001.npy,Bend
Bend_Man5_002.npy,Bend
Bend_Man5_003.npy,Bend
Bend_Man5_004.npy,Bend
Bend_Man5_005.npy,Bend
Bend_Man5_006.npy,Bend
Bend_Man5_007.npy,Bend
Bend_Man6_000.npy,Bend
Bend_Man6_001.npy,Bend
Bend_Man6_002.npy,Bend
Bend_Man6_003.npy,Bend
Bend_Man6_004.npy,Bend
Bend_Man6_005.npy,Bend
Bend_Man6_006.npy,Bend
Bend_Man6_007.npy,Bend
Bend_Woman1_000.npy,Bend
Bend_Woman1_001.npy,Bend
Bend_Woman1_002.npy,Bend
Bend_Woman1_003.npy,Bend
Bend_Woman1_004.npy,Bend
Bend_Woman1_005.npy,Bend
Bend_Woman1_006.npy,Bend
Bend_Woman1_007.npy,Bend
Bend_Woman2_000.npy,Bend
Bend_Woman2_001.npy,Bend
Bend_Woman2_002.npy,Bend
Bend_Woman2_003.npy,Bend
Bend_Woman2_004.npy,Bend
Bend_Woman2_005.npy,Bend
Bend_Woman2_006.npy,Bend
Bend_Woman2_007.npy,Bend
Hand-wave_Man1_000.npy,Hand-wave
Hand-wave_Man1_001.npy,Hand-wave
Hand-wave_Man1_002.npy,Hand-wave
Hand-wave_Man1_003.npy,Hand-wave
Hand-wave_Man1_004.npy,Hand-wave
Hand-wave_Man1_005.npy,Hand-wave
Hand-wave_Man1_006.npy,Hand-wave
Hand-wave_Man1_007.npy,Hand-wave
Hand-wave_Man2_000.npy,Hand-wave
Hand-wave_Man2_001.npy,Hand-wave
Hand-wave_Man2_002.npy,Hand-wave
Hand-wave_Man2_003.npy,Hand-wave
Hand-wave_Man2_004.npy,Hand-wave
Hand-wave_Man2_005.npy,Hand-wave
Hand-wave_Man2_006.npy,Hand-wave
Hand-wave_Man2_007.npy,Hand-wave
Hand-wave_Man3_000.npy,Hand-wave
Hand-wave_Man3_001.npy,Hand-wave
Hand-wave_Man3_002.npy,Hand-wave
Hand-wave_Man3_003.npy,Hand-wave
Hand-wave_Man3_004.npy,Hand-wave
Hand-wave_Man3_005.npy,Hand-wave
Hand-wave_Man3_006.npy,Hand-wave
Hand-wave_Man3_007.npy,Hand-wave
Hand-wave_Man4_000.npy,Hand-wave
Hand-wave_Man4_001.npy,Hand-wave
Hand-wave_Man4_002.npy,Hand-wave
Hand-wave_Man4_003.npy,Hand-wave
Hand-wave_Man4_004.npy,Hand-wave
Hand-wave_Man4_005.npy,Hand-wave
Hand-wave_Man4_006.npy,Hand-wave
Hand-wave_Man4_007.npy,Hand-wave
Hand-wave_Man5_000.npy,Hand-wave
Hand-wave_Man5_001.npy,Hand-wave
Hand-wave_Man5_002.npy,Hand-wave
Hand-wave_Man5_003.npy,Hand-wave
Hand-wave_Man5_004.npy,Hand-wave
Hand-wave_Man5_005.npy,Hand-wave
Hand-wave_Man5_006.npy,Hand-wave
Hand-wave_Man5_007.npy,Hand-wave
Hand-wave_Man6_000.npy,Hand-wave
Hand-wave_Man6_001.npy,Hand-wave
Hand-wave_Man6_002.npy,Hand-wave
Hand-wave_Man6_003.npy,Hand-wave
Hand-wave_Man6_004.npy,Hand-wave
Hand-wave_Man6_005.npy,Hand-wave
Hand-wave_Man6_006.npy,Hand-wave
Hand-wave_Man6_007.npy,Hand-wave
Hand-wave_Woman1_000.npy,Hand-wave
Hand-wave_Woman1_001.npy,Hand-wave
Hand-wave_Woman1_002.npy,Hand-wave
Hand-wave_Woman1_003.npy,Hand-wave
Hand-wave_Woman1_004.npy,Hand-wave
Hand-wave_Woman1_005.npy,Hand-wave
Hand-wave_Woman1_006.npy,Hand-wave
Hand-wave_Woman1_007.npy,Hand-wave
Hand-wave_Woman2_000.npy,Hand-wave
Hand-wave_Woman2_001.npy,Hand-wave
Hand-wave_Woman2_002.npy,Hand-wave
Hand-wave_Woman2_003.npy,Hand-wave
Hand-wave_Woman2_004.npy,Hand-wave
Hand-wave_Woman2_005.npy,Hand-wave
Hand-wave_Woman2_006.npy,Hand-wave
Hand-wave_Woman2_007.npy,Hand-wave
Jump-in-place_Man1_000.npy,Jump-in-place
Jump-in-place_Man1_001.npy,Jump-in-place
Jump-in-place_Man1_002.npy,Jump-in-place
Jump-in-place_Man1_003.npy,Jump-in-place
Jump-in-place_Man1_004.npy,Jump-in-place
Jump-in-place_Man1_005.npy,Jump-in-place
Jump-in-place_Man1_006.npy,Jump-in-place
Jump-in-place_Man1_007.npy,Jump-in-place
Jump-in-place_Man2_000.npy,Jump-in-place
Jump-in-place_Man2_001.npy,Jump-in-place
Jump-in-place_Man2_002.npy,Jump-in-place
Jump-in-place_Man2_003.npy,Jump-in-place
Jump-in-place_Man2_004.npy,Jump-in-place
Jump-in-place_Man2_005.npy,Jump-in-place
Jump-in-place_Man2_006.npy,Jump-in-place
Jump-in-place_Man2_007.npy,Jump-in-place
Jump-in-place_Man3_000.npy,Jump-in-place
Jump-in-place_Man3_001.npy,Jump-in-place
Jump-in-place_Man3_002.npy,Jump-in-place
Jump-in-place_Man3_003.npy,Jump-in-place
Jump-in-place_Man3_004.npy,Jump-in-place
Jump-in-place_Man3_005.npy,Jump-in-place
Jump-in-place_Man3_006.npy,Jump-in-place
Jump-in-place_Man3_007.npy,Jump-in-place
Jump-in-place_Man4_000.npy,Jump-in-place
Jump-in-place_Man4_001.npy,Jump-in-place
Jump-in-place_Man4_002.npy,Jump-in-place
Jump-in-place_Man4_003.npy,Jump-in-place
Jump-in-place_Man4_004.npy,Jump-in-place
Jump-in-place_Man4_005.npy,Jump-in-place
Jump-in-place_Man4_006.npy,Jump-in-place
Jump-in-place_Man4_007.npy,Jump-in-place
Jump-in-place_Man5_000.npy,Jump-in-place
Jump-in-place_Man5_001.npy,Jump-in-place
Jump-in-place_Man5_002.npy,Jump-in-place
Jump-in-place_Man5_003.npy,Jump-in-place
Jump-in-place_Man5_004.npy,Jump-in-place
Jump-in-place_Man5_005.npy,Jump-in-place
Jump-in-place_Man5_006.npy,Jump-in-place
Jump-in-place_Man5_007.npy,Jump-in-place
Jump-in-place_Man6_000.npy,Jump-in-place
Jump-in-place_Man6_001.npy,Jump-in-place
Jump-in-place_Man6_002.npy,Jump-in-place
Jump-in-place_Man6_003.npy,Jump-in-place
Jump-in-place_Man6_004.npy,Jump-in-place
Jump-in-place_Man6_005.npy,Jump-in-place
Jump-in-place_Man6_006.npy,Jump-in-place
Jump-in-place_Man6_007.npy,Jump-in-place
Jump-in-place_Woman1_000.npy,Jump-in-place
Jump-in-place_Woman1_001.npy,Jump-in-place
Jump-in-place_Woman1_002.npy,Jump-in-place
Jump-in-place_Woman1_003.npy,Jump-in-place
Jump-in-place_Woman1_004.npy,Jump-in-place
Jump-in-place_Woman1_005.npy,Jump-in-place
Jump-in-place_Woman1_006.npy,Jump-in-place
Jump-in-place_Woman1_007.npy,Jump-in-place
Jump-in-place_Woman2_000.npy,Jump-in-place
Jump-in-place_Woman2_001.npy,Jump-in-place
Jump-in-place_Woman2_002.npy,Jump-in-place
Jump-in-place_Woman2_003.npy,Jump-in-place
Jump-in-place_Woman2_004.npy,Jump-in-place
Jump-in-place_Woman2_005.npy,Jump-in-place
Jump-in-place_Woman2_006.npy,Jump-in-place
Jump-in-place_Woman2_007.npy,Jump-in-place
Pull_Man1_000.npy,Pull
Pull_Man1_001.npy,Pull
Pull_Man1_002.npy,Pull
Pull_Man1_003.npy,Pull
Pull_Man1_004.npy,Pull
Pull_Man1_005.npy,Pull
Pull_Man1_006.npy,Pull
Pull_Man1_007.npy,Pull
Pull_Man2_000.npy,Pull
Pull_Man2_001.npy,Pull
Pull_Man2_002.npy,Pull
Pull_Man2_003.npy,Pull
Pull_Man2_004.npy,Pull
Pull_Man2_005.npy,Pull
Pull_Man2_006.npy,Pull
Pull_Man2_007.npy,Pull
Pull_Man3_000.npy,Pull
Pull_Man3_001.npy,Pull
Pull_Man3_002.npy,Pull
Pull_Man3_003.npy,Pull
Pull_Man3_004.npy,Pull
Pull_Man3_005.npy,Pull
Pull_Man3_006.npy,Pull
Pull_Man3_007.npy,Pull
Pull_Man4_000.npy,Pull
Pull_Man4_001.npy,Pull
Pull_Man4_002.npy,Pull
Pull_Man4_003.npy,Pull
Pull_Man4_004.npy,Pull
Pull_Man4_005.npy,Pull
Pull_Man4_006.npy,Pull
Pull_Man4_007.npy,Pull
Pull_Man5_000.npy,Pull
Pull_Man5_001.npy,Pull
Pull_Man5_002.npy,Pull
Pull_Man5_003.npy,Pull
Pull_Man5_004.npy,Pull
Pull_Man5_005.npy,Pull
Pull_Man5_006.npy,Pull
Pull_Man5_007.npy,Pull
Pull_Man6_000.npy,Pull
Pull_Man6_001.npy,Pull
Pull_Man6_002.npy,Pull
Pull_Man6_003.npy,Pull
Pull_Man6_004.npy,Pull
Pull_Man6_005.npy,Pull
Pull_Man6_006.npy,Pull
Pull_Man6_007.npy,Pull
Pull_Woman1_000.npy,Pull
Pull_Woman1_001.npy,Pull
Pull_Woman1_002.npy,Pull
Pull_Woman1_003.npy,Pull
Pull_Woman1_004.npy,Pull
Pull_Woman1_005.npy,Pull
Pull_Woman1_006.npy,Pull
Pull_Woman1_007.npy,Pull
Pull_Woman2_000.npy,Pull
Pull_Woman2_001.npy,Pull
Pull_Woman2_002.npy,Pull
Pull_Woman2_003.npy,Pull
Pull_Woman2_004.npy,Pull
Pull_Woman2_005.npy,Pull
Pull_Woman2_006.npy,Pull
Pull_Woman2_007.npy,Pull
Run_Man1_000.npy,Run
Run_Man1_001.npy,Run
Run_Man1_002.npy,Run
Run_Man1_003.npy,Run
Run_Man1_004.npy,Run
Run_Man1_005.npy,Run
Run_Man1_006.npy,Run
Run_Man1_007.npy,Run
Run_Man2_000.npy,Run
Run_Man2_001.npy,Run
Run_Man2_002.npy,Run
Run_Man2_003.npy,Run
Run_Man2_004.npy,Run
Run_Man2_005.npy,Run
Run_Man2_006.npy,Run
Run_Man2_007.npy,Run
Run_Man3_000.npy,Run
Run_Man3_001.npy,Run
Run_Man3_002.npy,Run
Run_Man3_003.npy,Run
Run_Man3_004.npy,Run
Run_Man3_005.npy,Run
Run_Man3_006.npy,Run
Run_Man3_007.npy,Run
Run_Man4_000.npy,Run
Run_Man4_001.npy,Run
Run_Man4_002.npy,Run
Run_Man4_003.npy,Run
Run_Man4_004.npy,Run
Run_Man4_005.npy,Run
Run_Man4_006.npy,Run
Run_Man4_007.npy,Run
Run_Man5_000.npy,Run
Run_Man5_001.npy,Run
Run_Man5_002.npy,Run
Run_Man5_003.npy,Run
Run_Man5_004.npy,Run
Run_Man5_005.npy,Run
Run_Man5_006.npy,Run
Run_Man5_007.npy,Run
Run_Man6_000.npy,Run
Run_Man6_001.npy,Run
Run_Man6_002.npy,Run
Run_Man6_003.npy,Run
Run_Man6_004.npy,Run
Run_Man6_005.npy,Run
Run_Man6_006.npy,Run
Run_Man6_007.npy,Run
Run_Woman1_000.npy,Run
Run_Woman1_001.npy,Run
Run_Woman1_002.npy,Run
Run_Woman1_003.npy,Run
Run_Woman1_004.npy,Run
Run_Woman1_005.npy,Run
Run_Woman1_006.npy,Run
Run_Woman1_007.npy,Run
Run_Woman2_000.npy,Run
Run_Woman2_001.npy,Run
Run_Woman2_002.npy,Run
Run_Woman2_003.npy,Run
Run_Woman2_004.npy,Run
Run_Woman2_005.npy,Run
Run_Woman2_006.npy,Run
Run_Woman2_007.npy,Run
Sit - stand up_Man1_000.npy,Sit - stand up
Sit - stand up_Man1_001.npy,Sit - stand up
Sit - stand up_Man1_002.npy,Sit - stand up
Sit - stand up_Man1_003.npy,Sit - stand up
Sit - stand up_Man1_004.npy,Sit - stand up
Sit - stand up_Man1_005.npy,Sit - stand up
Sit - stand up_Man1_006.npy,Sit - stand up
Sit - stand up_Man1_007.npy,Sit - stand up
Sit - stand up_Man2_000.npy,Sit - stand up
Sit - stand up_Man2_001.npy,Sit - stand up
Sit - stand up_Man2_002.npy,Sit - stand up
Sit - stand up_Man2_003.npy,Sit - stand up
Sit - stand up_Man2_004.npy,Sit - stand up
Sit - stand up_Man2_005.npy,Sit - stand up
Sit - stand up_Man2_006.npy,Sit - stand up
Sit - stand up_Man2_007.npy,Sit - stand up
Sit - stand up_Man3_000.npy,Sit - stand up
Sit - stand up_Man3_001.npy,Sit - stand up
Sit - stand up_Man3_002.npy,Sit - stand up
Sit - stand up_Man3_003.npy,Sit - stand up
Sit - stand up_Man3_004.npy,Sit - stand up
Sit - stand up_Man3_005.npy,Sit - stand up
Sit - stand up_Man3_006.npy,Sit - stand up
Sit - stand up_Man3_007.npy,Sit - stand up
Sit - stand up_Man4_000.npy,Sit - stand up
Sit - stand up_Man4_001.npy,Sit - stand up
Sit - stand up_Man4_002.npy,Sit - stand up
Sit - stand up_Man4_003.npy,Sit - stand up
Sit - stand up_Man4_004.npy,Sit - stand up
Sit - stand up_Man4_005.npy,Sit - stand up
Sit - stand up_Man4_006.npy,Sit - stand up
Sit - stand up_Man4_007.npy,Sit - stand up
Sit - stand up_Man5_000.npy,Sit - stand up
Sit - stand up_Man5_001.npy,Sit - stand up
Sit - stand up_Man5_002.npy,Sit - stand up
Sit - stand up_Man5_003.npy,Sit - stand up
Sit - stand up_Man5_004.npy,Sit - stand up
Sit - stand up_Man5_005.npy,Sit - stand up
Sit - stand up_Man5_006.npy,Sit - stand up
Sit - stand up_Man5_007.npy,Sit - stand up
Sit - stand up_Man6_000.npy,Sit - stand up
Sit - stand up_Man6_001.npy,Sit - stand up
Sit - stand up_Man6_002.npy,Sit - stand up
Sit - stand up_Man6_003.npy,Sit - stand up
Sit - stand up_Man6_004.npy,Sit - stand up
Sit - stand up_Man6_005.npy,Sit - stand up
Sit - stand up_Man6_006.npy,Sit - stand up
Sit - stand up_Man6_007.npy,Sit - stand up
Sit - stand up_Woman1_000.npy,Sit - stand up
Sit - stand up_Woman1_001.npy,Sit - stand up
Sit - stand up_Woman1_002.npy,Sit - stand up
Sit - stand up_Woman1_003.npy,Sit - stand up
Sit - stand up_Woman1_004.npy,Sit - stand up
Sit - stand up_Woman1_005.npy,Sit - stand up
Sit - stand up_Woman1_006.npy,Sit - stand up
Sit - stand up_Woman1_007.npy,Sit - stand up
Sit - stand up_Woman2_000.npy,Sit - stand up
Sit - stand up_Woman2_001.npy,Sit - stand up
Sit - stand up_Woman2_002.npy,Sit - stand up
Sit - stand up_Woman2_003.npy,Sit - stand up
Sit - stand up_Woman2_004.npy,Sit - stand up
Sit - stand up_Woman2_005.npy,Sit - stand up
Sit - stand up_Woman2_006.npy,Sit - stand up
Sit - stand up_Woman2_007.npy,Sit - stand up
Walk_Man1_000.npy,Walk
Walk_Man1_001.npy,Walk
Walk_Man1_002.npy,Walk
Walk_Man1_003.npy,Walk
Walk_Man1_004.npy,Walk
Walk_Man1_005.npy,Walk
Walk_Man1_006.npy,Walk
Walk_Man1_007.npy,Walk
Walk_Man2_000.npy,Walk
Walk_Man2_001.npy,Walk
Walk_Man2_002.npy,Walk
Walk_Man2_003.npy,Walk
Walk_Man2_004.npy,Walk
Walk_Man2_005.npy,Walk
Walk_Man2_006.npy,Walk
Walk_Man2_007.npy,Walk
Walk_Man3_000.npy,Walk
Walk_Man3_001.npy,Walk
Walk_Man3_002.npy,Walk
Walk_Man3_003.npy,Walk
Walk_Man3_004.npy,Walk
Walk_Man3_005.npy,Walk
Walk_Man3_006.npy,Walk
Walk_Man3_007.npy,Walk
Walk_Man4_000.npy,Walk
Walk_Man4_001.npy,Walk
Walk_Man4_002.npy,Walk
Walk_Man4_003.npy,Walk
Walk_Man4_004.npy,Walk
Walk_Man4_005.npy,Walk
Walk_Man4_006.npy,Walk
Walk_Man4_007.npy,Walk
Walk_Man5_000.npy,Walk
Walk_Man5_001.npy,Walk
Walk_Man5_002.npy,Walk
Walk_Man5_003.npy,Walk
Walk_Man5_004.npy,Walk
Walk_Man5_005.npy,Walk
Walk_Man5_006.npy,Walk
Walk_Man5_007.npy,Walk
Walk_Man6_000.npy,Walk
Walk_Man6_001.npy,Walk
Walk_Man6_002.npy,Walk
Walk_Man6_003.npy,Walk
Walk_Man6_004.npy,Walk
Walk_Man6_005.npy,Walk
Walk_Man6_006.npy,Walk
Walk_Man6_007.npy,Walk
Walk_Woman1_000.npy,Walk
Walk_Woman1_001.npy,Walk
Walk_Woman1_002.npy,Walk
Walk_Woman1_003.npy,Walk
Walk_Woman1_004.npy,Walk
Walk_Woman1_005.npy,Walk
Walk_Woman1_006.npy,Walk
Walk_Woman1_007.npy,Walk
Walk_Woman2_000.npy,Walk
Walk_Woman2_001.npy,Walk
Walk_Woman2_002.npy,Walk
Walk_Woman2_003.npy,Walk
Walk_Woman2_004.npy,Walk
Walk_Woman2_005.npy,Walk
Walk_Woman2_006.npy,Walk
Walk_Woman2_007.npy,Walk
